"id","name","code","group_id","rate_paisa","doctor_required","default_doctor_id","outsourced","default_lab_partner_id","partner_cost_paisa","keeps_file","followup_days","followup_rate_paisa","vat_applicable","sample_rate","active","created_at","updated_at","sample_type"
"01M1XEQPJ6A6Z091KWHRNEGFRY","Complete blood count (CBC)","cbc","01M1XDYK2WQE7AZR2B1Q41KG9A","50000","0",,"1","01M1XEPT3TDN9V5VWQSJ3M2AG6","40000","1","0","0","0","0","1","2026-09-07T08:11:12.326Z","2026-09-19T09:58:07.100Z","Blood"
"01M2FN61Y15PW49SDP6YCYZVDW","24 Hrs Urine Calcium","2huc","01M1XDYK2WQE7AZR2B1Q41KG9A","40000","0",,"1","01M1XEPT3TDN9V5VWQSJ3M2AG6","40000","1","0","0","0","0","1","2026-09-14T09:50:13.944Z","2026-09-14T09:50:13.944Z","Urine"
"01M2FN61Y3BXWAQ6CNZEXS4GGF","24 Hrs Urine Creatinine","2huc2","01M1XDYK2WQE7AZR2B1Q41KG9A","40000","0",,"1","01M1XEPT3TDN9V5VWQSJ3M2AG6","40000","1","0","0","0","0","1","2026-09-14T09:50:13.944Z","2026-09-14T09:50:13.944Z","Urine"
"01M2FN61Y3EKW2E0378YBG38S5","24 Hrs Urine Phosphate","2hup2","01M1XDYK2WQE7AZR2B1Q41KG9A","40000","0",,"1","01M1XEPT3TDN9V5VWQSJ3M2AG6","40000","1","0","0","0","0","1","2026-09-14T09:50:13.944Z","2026-09-14T09:50:13.944Z","Urine"
"01M2FN61Y3Q33FJ45HQG17RR1R","24 Hrs Urine Protein","2hup","01M1XDYK2WQE7AZR2B1Q41KG9A","60000","0",,"1","01M1XEPT3TDN9V5VWQSJ3M2AG6","60000","1","0","0","0","0","1","2026-09-14T09:50:13.944Z","2026-09-14T09:50:13.944Z","Urine"
"01M2FN61Y41WZ0EPEZAAKQDN11","Adenosine Deaminase(CSF)","csf","01M1XDYK2WQE7AZR2B1Q41KG9A","60000","0",,"1","01M1XEPT3TDN9V5VWQSJ3M2AG6","60000","1","0","0","0","0","1","2026-09-14T09:50:13.944Z","2026-09-14T09:50:13.944Z","Fluid"
"01M2FN61Y4AXJESJ7M3WQTETMD","Absolute Lymphocytes Count","alc","01M1XDYK2WQE7AZR2B1Q41KG9A","40000","0",,"1","01M1XEPT3TDN9V5VWQSJ3M2AG6","40000","1","0","0","0","0","1","2026-09-14T09:50:13.944Z","2026-09-14T09:50:13.944Z","Blood"
"01M2FN61Y4C2X10905H3VJ5TBQ","ACTH","acth","01M1XDYK2WQE7AZR2B1Q41KG9A","220000","0",,"1","01M1XEPT3TDN9V5VWQSJ3M2AG6","220000","1","0","0","0","0","1","2026-09-14T09:50:13.944Z","2026-09-14T09:50:13.944Z","Blood"
"01M2FN61Y4EQD3BN0QB6ND3B7T","ADA (Pleural/Pericardial/Synovial)","ada","01M1XDYK2WQE7AZR2B1Q41KG9A","60000","0",,"1","01M1XEPT3TDN9V5VWQSJ3M2AG6","60000","1","0","0","0","0","1","2026-09-14T09:50:13.944Z","2026-09-14T09:50:13.944Z","Fluid"
"01M2FN61Y4KRQVNK70GYW405YD","Absolute Eosinophil Count","aec","01M1XDYK2WQE7AZR2B1Q41KG9A","40000","0",,"1","01M1XEPT3TDN9V5VWQSJ3M2AG6","40000","1","0","0","0","0","1","2026-09-14T09:50:13.944Z","2026-09-14T09:50:13.944Z","Blood"
"01M2FN61Y4RHNFN55402QY4WAH","Absolute Neutrophil Count","anc","01M1XDYK2WQE7AZR2B1Q41KG9A","40000","0",,"1","01M1XEPT3TDN9V5VWQSJ3M2AG6","40000","1","0","0","0","0","1","2026-09-14T09:50:13.944Z","2026-09-14T09:50:13.944Z","Blood"
"01M2FN61Y4RTDSKHRAZ8ZGTHM5","24 Hrs Urine Uric Acid","2huua","01M1XDYK2WQE7AZR2B1Q41KG9A","40000","0",,"1","01M1XEPT3TDN9V5VWQSJ3M2AG6","40000","1","0","0","0","0","1","2026-09-14T09:50:13.944Z","2026-09-14T09:50:13.944Z","Urine"
"01M2FN61Y584KTRD953DPB05SA","Alpha Feto Protein (AFP)","afp","01M1XDYK2WQE7AZR2B1Q41KG9A","140000","0",,"1","01M1XEPT3TDN9V5VWQSJ3M2AG6","140000","1","0","0","0","0","1","2026-09-14T09:50:13.944Z","2026-09-14T09:50:13.944Z","Blood"
"01M2FN61Y59AZA2CER7GESQ2EX","AFB Stain","afbstai","01M1XDYK2WQE7AZR2B1Q41KG9A","20000","0",,"1","01M1XEPT3TDN9V5VWQSJ3M2AG6","20000","1","0","0","0","0","1","2026-09-14T09:50:13.944Z","2026-09-14T09:50:13.944Z","Sputum"
"01M2FN61Y5ER9WKCQTYVX0H3EN","Albumin","albumin","01M1XDYK2WQE7AZR2B1Q41KG9A","18000","0",,"1","01M1XEPT3TDN9V5VWQSJ3M2AG6","18000","1","0","0","0","0","1","2026-09-14T09:50:13.944Z","2026-09-14T09:50:13.944Z","Blood"
"01M2FN61Y5HY6DJSFWATE66BQY","Allergy Panel","allergpane","01M1XDYK2WQE7AZR2B1Q41KG9A","700000","0",,"1","01M1XEPT3TDN9V5VWQSJ3M2AG6","700000","1","0","0","0","0","1","2026-09-14T09:50:13.944Z","2026-09-14T09:50:13.944Z","Blood"
"01M2FN61Y5J7CMRAKPVC84BKMT","A/G Ratio","agr","01M1XDYK2WQE7AZR2B1Q41KG9A","36000","0",,"1","01M1XEPT3TDN9V5VWQSJ3M2AG6","36000","1","0","0","0","0","1","2026-09-14T09:50:13.944Z","2026-09-14T09:50:13.944Z","Blood"
"01M2FN61Y5XRNQFFEPJ0C4GK16","Alkaline Phosphatase (ALP)","alp","01M1XDYK2WQE7AZR2B1Q41KG9A","18000","0",,"1","01M1XEPT3TDN9V5VWQSJ3M2AG6","18000","1","0","0","0","0","1","2026-09-14T09:50:13.944Z","2026-09-14T09:50:13.944Z","Blood"
"01M2FN61Y6D74SP39JHAT5AQ03","ANCA-PR3 (C-ANCA)","ancapr3","01M1XDYK2WQE7AZR2B1Q41KG9A","250000","0",,"1","01M1XEPT3TDN9V5VWQSJ3M2AG6","250000","1","0","0","0","0","1","2026-09-14T09:50:13.944Z","2026-09-14T09:50:13.944Z","Blood"
"01M2FN61Y6GK2B509RAQ9SXCWG","ANA PROFILE 18 PANEL","ap1p","01M1XDYK2WQE7AZR2B1Q41KG9A","550000","0",,"1","01M1XEPT3TDN9V5VWQSJ3M2AG6","550000","1","0","0","0","0","1","2026-09-14T09:50:13.944Z","2026-09-14T09:50:13.944Z","Blood"
"01M2FN61Y6JEQZF688QQE1B3J9","ANCA-MPO (P-ANCA)","ancampo","01M1XDYK2WQE7AZR2B1Q41KG9A","250000","0",,"1","01M1XEPT3TDN9V5VWQSJ3M2AG6","250000","1","0","0","0","0","1","2026-09-14T09:50:13.944Z","2026-09-14T09:50:13.944Z","Blood"
"01M2FN61Y6JX1TPFT329Y3GXBD","Amylase, Urine","amylasurin","01M1XDYK2WQE7AZR2B1Q41KG9A","60000","0",,"1","01M1XEPT3TDN9V5VWQSJ3M2AG6","60000","1","0","0","0","0","1","2026-09-14T09:50:13.944Z","2026-09-14T09:50:13.944Z","Urine"
"01M2FN61Y6PT0D1M3P19Z8KCM3","Amylase","amylase","01M1XDYK2WQE7AZR2B1Q41KG9A","60000","0",,"1","01M1XEPT3TDN9V5VWQSJ3M2AG6","60000","1","0","0","0","0","1","2026-09-14T09:50:13.944Z","2026-09-14T09:50:13.944Z","Blood"
"01M2FN61Y6SZPB3N593C0TJ3C8","Amphetamine (Urine)","amphetamin","01M1XDYK2WQE7AZR2B1Q41KG9A","100000","0",,"1","01M1XEPT3TDN9V5VWQSJ3M2AG6","100000","1","0","0","0","0","1","2026-09-14T09:50:13.944Z","2026-09-14T09:50:13.944Z","Urine"
"01M2FN61Y6W1BE6AVGEZ2PXMR7","ANA","ana","01M1XDYK2WQE7AZR2B1Q41KG9A","120000","0",,"1","01M1XEPT3TDN9V5VWQSJ3M2AG6","120000","1","0","0","0","0","1","2026-09-14T09:50:13.944Z","2026-09-14T09:50:13.944Z","Blood"
"01M2FN61Y74CF331EPYZJ070V2","Anti DS DNA Antibodies","adda","01M1XDYK2WQE7AZR2B1Q41KG9A","160000","0",,"1","01M1XEPT3TDN9V5VWQSJ3M2AG6","160000","1","0","0","0","0","1","2026-09-14T09:50:13.944Z","2026-09-14T09:50:13.944Z","Blood"
"01M2FN61Y758FD6RE6P6N6W4EN","Anti GBM Antibody","aga","01M1XDYK2WQE7AZR2B1Q41KG9A","300000","0",,"1","01M1XEPT3TDN9V5VWQSJ3M2AG6","300000","1","0","0","0","0","1","2026-09-14T09:50:13.944Z","2026-09-14T09:50:13.944Z","Blood"
"01M2FN61Y76N7ZXC3Z6Y9XENDE","Anti HCV","antihcv","01M1XDYK2WQE7AZR2B1Q41KG9A","60000","0",,"1","01M1XEPT3TDN9V5VWQSJ3M2AG6","60000","1","0","0","0","0","1","2026-09-14T09:50:13.944Z","2026-09-14T09:50:13.944Z","Blood"
"01M2FN61Y7AJPE2P663PM2Z0TB","Anti Nuclear Antibody SCREEN","anas","01M1XDYK2WQE7AZR2B1Q41KG9A","120000","0",,"1","01M1XEPT3TDN9V5VWQSJ3M2AG6","120000","1","0","0","0","0","1","2026-09-14T09:50:13.944Z","2026-09-14T09:50:13.944Z","Blood"
"01M2FN61Y7FT8838HBVJEPY3ET","Anti CCP Antibody","aca","01M1XDYK2WQE7AZR2B1Q41KG9A","220000","0",,"1","01M1XEPT3TDN9V5VWQSJ3M2AG6","220000","1","0","0","0","0","1","2026-09-14T09:50:13.944Z","2026-09-14T09:50:13.944Z","Blood"
"01M2FN61Y7ZCW3D48A941YVDM3","Anti Mullerian Hormone (AMH)","amh","01M1XDYK2WQE7AZR2B1Q41KG9A","350000","0",,"1","01M1XEPT3TDN9V5VWQSJ3M2AG6","350000","1","0","0","0","0","1","2026-09-14T09:50:13.944Z","2026-09-14T09:50:13.944Z","Blood"
"01M2FN61Y801G9AET56PBE2B55","Barbiturate(Urine)","barbiturat","01M1XDYK2WQE7AZR2B1Q41KG9A","100000","0",,"1","01M1XEPT3TDN9V5VWQSJ3M2AG6","100000","1","0","0","0","0","1","2026-09-14T09:50:13.944Z","2026-09-14T09:50:13.944Z","Urine"
"01M2FN61Y86316G0D442J2452C","APTT","aptt","01M1XDYK2WQE7AZR2B1Q41KG9A","45000","0",,"1","01M1XEPT3TDN9V5VWQSJ3M2AG6","45000","1","0","0","0","0","1","2026-09-14T09:50:13.944Z","2026-09-14T09:50:13.944Z","Blood"
"01M2FN61Y8WJMACZ2W52TCTN2Q","ASO Titre","asotitr","01M1XDYK2WQE7AZR2B1Q41KG9A","100000","0",,"1","01M1XEPT3TDN9V5VWQSJ3M2AG6","100000","1","0","0","0","0","1","2026-09-14T09:50:13.944Z","2026-09-14T09:50:13.944Z","Blood"
"01M2FN61Y8WN834YZC6AGMFT3Y","Anti Thyroglobulin","antithyr","01M1XDYK2WQE7AZR2B1Q41KG9A","240000","0",,"1","01M1XEPT3TDN9V5VWQSJ3M2AG6","240000","1","0","0","0","0","1","2026-09-14T09:50:13.944Z","2026-09-14T09:50:13.944Z","Blood"
"01M2FN61Y8Z8TPYJZGNYQ36ERN","ASO Qualitative","asoqual","01M1XDYK2WQE7AZR2B1Q41KG9A","40000","0",,"1","01M1XEPT3TDN9V5VWQSJ3M2AG6","40000","1","0","0","0","0","1","2026-09-14T09:50:13.944Z","2026-09-14T09:50:13.944Z","Blood"
"01M2FN61Y8ZCV26J737C6QB0TQ","Anti TPO Antibody","ata","01M1XDYK2WQE7AZR2B1Q41KG9A","160000","0",,"1","01M1XEPT3TDN9V5VWQSJ3M2AG6","160000","1","0","0","0","0","1","2026-09-14T09:50:13.944Z","2026-09-14T09:50:13.944Z","Blood"
"01M2FN61Y913JSQ0MRYWXFG5B3","Biopsy Intermediate","biopsyinte","01M1XDYK2WQE7AZR2B1Q41KG9A","320000","0",,"1","01M1XEPT3TDN9V5VWQSJ3M2AG6","320000","1","0","0","0","0","1","2026-09-14T09:50:13.944Z","2026-09-14T09:50:13.944Z","Tissue"
"01M2FN61Y95YWMHAMSTMTTF4PR","Beta - HCG (BHCG)","bhcg","01M1XDYK2WQE7AZR2B1Q41KG9A","140000","0",,"1","01M1XEPT3TDN9V5VWQSJ3M2AG6","140000","1","0","0","0","0","1","2026-09-14T09:50:13.944Z","2026-09-14T09:50:13.944Z","Blood"
"01M2FN61Y9Q808G4SBA6T1PV6X","Bilirubin Total","bilirutota","01M1XDYK2WQE7AZR2B1Q41KG9A","18000","0",,"1","01M1XEPT3TDN9V5VWQSJ3M2AG6","18000","1","0","0","0","0","1","2026-09-14T09:50:13.944Z","2026-09-14T09:50:13.944Z","Blood"
"01M2FN61Y9QVBT77R30VHPZAG2","Biopsy Small","biopsysmal","01M1XDYK2WQE7AZR2B1Q41KG9A","200000","0",,"1","01M1XEPT3TDN9V5VWQSJ3M2AG6","200000","1","0","0","0","0","1","2026-09-14T09:50:13.944Z","2026-09-14T09:50:13.944Z","Tissue"
"01M2FN61Y9TK0SN6V3YQNBJEA2","Biopsy Large","biopsylarg","01M1XDYK2WQE7AZR2B1Q41KG9A","400000","0",,"1","01M1XEPT3TDN9V5VWQSJ3M2AG6","400000","1","0","0","0","0","1","2026-09-14T09:50:13.944Z","2026-09-14T09:50:13.944Z","Tissue"
"01M2FN61Y9VNNE0MDGYGKJRSB0","Bicarbonate level","bicarbleve","01M1XDYK2WQE7AZR2B1Q41KG9A","160000","0",,"1","01M1XEPT3TDN9V5VWQSJ3M2AG6","160000","1","0","0","0","0","1","2026-09-14T09:50:13.944Z","2026-09-14T09:50:13.944Z","Blood"
"01M2FN61Y9VXEGMPE4P5YHND4V","Bence Jones Protein, 24 hours Urine","bjp2hu","01M1XDYK2WQE7AZR2B1Q41KG9A","30000","0",,"1","01M1XEPT3TDN9V5VWQSJ3M2AG6","30000","1","0","0","0","0","1","2026-09-14T09:50:13.944Z","2026-09-14T09:50:13.944Z","Urine"
"01M2FN61YA1Z2NZBFHT0YAKJQV","Bleeding Time","bleeditime","01M1XDYK2WQE7AZR2B1Q41KG9A","8000","0",,"1","01M1XEPT3TDN9V5VWQSJ3M2AG6","8000","1","0","0","0","0","1","2026-09-14T09:50:13.944Z","2026-09-14T09:50:13.944Z","Blood"
"01M2FN61YA5KYC5RW1MT213NHK","Blood Culture","bloodcult","01M1XDYK2WQE7AZR2B1Q41KG9A","35000","0",,"1","01M1XEPT3TDN9V5VWQSJ3M2AG6","35000","1","0","0","0","0","1","2026-09-14T09:50:13.944Z","2026-09-14T09:50:13.944Z","Blood"
"01M2FN61YABEQDGXXDXWNRQ5WR","Blood Urea","bloodurea","01M1XDYK2WQE7AZR2B1Q41KG9A","18000","0",,"1","01M1XEPT3TDN9V5VWQSJ3M2AG6","18000","1","0","0","0","0","1","2026-09-14T09:50:13.944Z","2026-09-14T09:50:13.944Z","Blood"
"01M2FN61YAGD5A1YPRBD029G2W","Blood Urea (Pre)","bloodurea3","01M1XDYK2WQE7AZR2B1Q41KG9A","18000","0",,"1","01M1XEPT3TDN9V5VWQSJ3M2AG6","18000","1","0","0","0","0","1","2026-09-14T09:50:13.944Z","2026-09-14T09:50:13.944Z","Blood"
"01M2FN61YAQ6WNVTMMSK88DP7W","Blood Urea (Post)","bloodurea2","01M1XDYK2WQE7AZR2B1Q41KG9A","18000","0",,"1","01M1XEPT3TDN9V5VWQSJ3M2AG6","18000","1","0","0","0","0","1","2026-09-14T09:50:13.944Z","2026-09-14T09:50:13.944Z","Blood"
"01M2FN61YB2J1RYJB9JATRBA2K","Blood Glucose Random","bgr","01M1XDYK2WQE7AZR2B1Q41KG9A","8000","0",,"1","01M1XEPT3TDN9V5VWQSJ3M2AG6","8000","1","0","0","0","0","1","2026-09-14T09:50:13.944Z","2026-09-14T09:50:13.944Z","Blood"
"01M2FN61YB4EFA3E032W0QFS45","Blood Group ABO Rh","bgar","01M1XDYK2WQE7AZR2B1Q41KG9A","8000","0",,"1","01M1XEPT3TDN9V5VWQSJ3M2AG6","8000","1","0","0","0","0","1","2026-09-14T09:50:13.944Z","2026-09-14T09:50:13.944Z","Blood"
"01M2FN61YB9J0V13YRZZ0F1HC1","Brucella IgG /IgM","bii","01M1XDYK2WQE7AZR2B1Q41KG9A","140000","0",,"1","01M1XEPT3TDN9V5VWQSJ3M2AG6","140000","1","0","0","0","0","1","2026-09-14T09:50:13.944Z","2026-09-14T09:50:13.944Z","Blood"
"01M2FN61YBDR3QB1TVAHRR1K6S","Blood Glucose PP","bgp","01M1XDYK2WQE7AZR2B1Q41KG9A","8000","0",,"1","01M1XEPT3TDN9V5VWQSJ3M2AG6","8000","1","0","0","0","0","1","2026-09-14T09:50:13.944Z","2026-09-14T09:50:13.944Z","Blood"
"01M2FN61YBKWCGWT3AY38G29WE","Blood Glucose Fasting","bgf","01M1XDYK2WQE7AZR2B1Q41KG9A","8000","0",,"1","01M1XEPT3TDN9V5VWQSJ3M2AG6","8000","1","0","0","0","0","1","2026-09-14T09:50:13.944Z","2026-09-14T09:50:13.944Z","Blood"
"01M2FN61YBMS04DZJS1ZAFQ5H4","Brucella Serology B.abortus & melitensis","bsbam","01M1XDYK2WQE7AZR2B1Q41KG9A","120000","0",,"1","01M1XEPT3TDN9V5VWQSJ3M2AG6","120000","1","0","0","0","0","1","2026-09-14T09:50:13.944Z","2026-09-14T09:50:13.944Z","Blood"
"01M2FN61YC30YWN1A8HKZ5K1RM","CA 125 (Ovarain)","ca125","01M1XDYK2WQE7AZR2B1Q41KG9A","140000","0",,"1","01M1XEPT3TDN9V5VWQSJ3M2AG6","140000","1","0","0","0","0","1","2026-09-14T09:50:13.944Z","2026-09-14T09:50:13.944Z","Blood"
"01M2FN61YC65C79YZRQ68J0KTG","CA 19. 9 (Pancreatic)","c19","01M1XDYK2WQE7AZR2B1Q41KG9A","200000","0",,"1","01M1XEPT3TDN9V5VWQSJ3M2AG6","200000","1","0","0","0","0","1","2026-09-14T09:50:13.944Z","2026-09-14T09:50:13.944Z","Blood"
"01M2FN61YC65SKBGR58XGH1W3K","BUN","bun","01M1XDYK2WQE7AZR2B1Q41KG9A","18000","0",,"1","01M1XEPT3TDN9V5VWQSJ3M2AG6","18000","1","0","0","0","0","1","2026-09-14T09:50:13.944Z","2026-09-14T09:50:13.944Z","Blood"
"01M2FN61YCVJ2YNG252HDFQCGW","C4 Complement Component","ccc2","01M1XDYK2WQE7AZR2B1Q41KG9A","120000","0",,"1","01M1XEPT3TDN9V5VWQSJ3M2AG6","120000","1","0","0","0","0","1","2026-09-14T09:50:13.944Z","2026-09-14T09:50:13.944Z","Blood"
"01M2FN61YCXVAK4M2SR6XNP1SY","Buffy Coat For LD Bodies","bcflb","01M1XDYK2WQE7AZR2B1Q41KG9A","40000","0",,"1","01M1XEPT3TDN9V5VWQSJ3M2AG6","40000","1","0","0","0","0","1","2026-09-14T09:50:13.944Z","2026-09-14T09:50:13.944Z","Blood"
"01M2FN61YCZNTXBK21JQR0V7JJ","C3 Complement Component","ccc","01M1XDYK2WQE7AZR2B1Q41KG9A","120000","0",,"1","01M1XEPT3TDN9V5VWQSJ3M2AG6","120000","1","0","0","0","0","1","2026-09-14T09:50:13.944Z","2026-09-14T09:50:13.944Z","Blood"
"01M2FN61YD0BR14KK1C5A3PYFX","CA 15.3 (Breast)","c13","01M1XDYK2WQE7AZR2B1Q41KG9A","200000","0",,"1","01M1XEPT3TDN9V5VWQSJ3M2AG6","200000","1","0","0","0","0","1","2026-09-14T09:50:13.944Z","2026-09-14T09:50:13.944Z","Blood"
"01M2FN61YD5ST0ZVF2FX2DYRJB","Cholinesterase Level","cholinleve","01M1XDYK2WQE7AZR2B1Q41KG9A","140000","0",,"1","01M1XEPT3TDN9V5VWQSJ3M2AG6","140000","1","0","0","0","0","1","2026-09-14T09:50:13.944Z","2026-09-14T09:50:13.944Z","Blood"
"01M2FN61YDKSZFZFWDC5SA6VJ8","CEA (Carcino Embryonic Antigen)","cea","01M1XDYK2WQE7AZR2B1Q41KG9A","140000","0",,"1","01M1XEPT3TDN9V5VWQSJ3M2AG6","140000","1","0","0","0","0","1","2026-09-14T09:50:13.944Z","2026-09-14T09:50:13.944Z","Blood"
"01M2FN61YDP2F0F7DZQAXAXAX3","Cloride -Urine","cloridurin","01M1XDYK2WQE7AZR2B1Q41KG9A","40000","0",,"1","01M1XEPT3TDN9V5VWQSJ3M2AG6","40000","1","0","0","0","0","1","2026-09-14T09:50:13.944Z","2026-09-14T09:50:13.944Z","Blood"
"01M2FN61YDRYAN0CMNYETXCFY1","Calcium-Total","calciutota","01M1XDYK2WQE7AZR2B1Q41KG9A","30000","0",,"1","01M1XEPT3TDN9V5VWQSJ3M2AG6","30000","1","0","0","0","0","1","2026-09-14T09:50:13.944Z","2026-09-14T09:50:13.944Z","Blood"
"01M2FN61YDSWS2RDM6QAKD52EB","Clotting Time","clottitime","01M1XDYK2WQE7AZR2B1Q41KG9A","8000","0",,"1","01M1XEPT3TDN9V5VWQSJ3M2AG6","8000","1","0","0","0","0","1","2026-09-14T09:50:13.944Z","2026-09-14T09:50:13.944Z","Blood"
"01M2FN61YDZCZP4PPPS6PRTHJJ","Chloride","chloride","01M1XDYK2WQE7AZR2B1Q41KG9A","40000","0",,"1","01M1XEPT3TDN9V5VWQSJ3M2AG6","40000","1","0","0","0","0","1","2026-09-14T09:50:13.944Z","2026-09-14T09:50:13.944Z","Blood"
"01M2FN61YE4EYKJ7DMMJ5YQ5QK","Cortisol, Morning","cortismorn","01M1XDYK2WQE7AZR2B1Q41KG9A","150000","0",,"1","01M1XEPT3TDN9V5VWQSJ3M2AG6","150000","1","0","0","0","0","1","2026-09-14T09:50:13.944Z","2026-09-14T09:50:13.944Z","Blood"
"01M2FN61YEHKES2XM597P5FSMZ","Cocaine/Benzoylecgonin(Urine)","cocainbenz","01M1XDYK2WQE7AZR2B1Q41KG9A","100000","0",,"1","01M1XEPT3TDN9V5VWQSJ3M2AG6","100000","1","0","0","0","0","1","2026-09-14T09:50:13.944Z","2026-09-14T09:50:13.944Z","Urine"
"01M2FN61YEJNHQ4S9ACZXGEMSA","Comprehensive Allergy Panel","cap","01M1XDYK2WQE7AZR2B1Q41KG9A","750000","0",,"1","01M1XEPT3TDN9V5VWQSJ3M2AG6","750000","1","0","0","0","0","1","2026-09-14T09:50:13.944Z","2026-09-14T09:50:13.944Z","Blood"
"01M2FN61YEMX683ZQ2FT6QFQZQ","Conjugated (D. Bilirubin)","conjugated","01M1XDYK2WQE7AZR2B1Q41KG9A","18000","0",,"1","01M1XEPT3TDN9V5VWQSJ3M2AG6","18000","1","0","0","0","0","1","2026-09-14T09:50:13.944Z","2026-09-14T09:50:13.944Z","Blood"
"01M2FN61YEZR9PBC39T84FHVR1","Cortisol, Evening","cortiseven","01M1XDYK2WQE7AZR2B1Q41KG9A","150000","0",,"1","01M1XEPT3TDN9V5VWQSJ3M2AG6","150000","1","0","0","0","0","1","2026-09-14T09:50:13.944Z","2026-09-14T09:50:13.944Z","Blood"
"01M2FN61YEZTCT2X5QF905TPJV","Cortisol","cortisol","01M1XDYK2WQE7AZR2B1Q41KG9A","150000","0",,"1","01M1XEPT3TDN9V5VWQSJ3M2AG6","150000","1","0","0","0","0","1","2026-09-14T09:50:13.944Z","2026-09-14T09:50:13.944Z","Blood"
"01M2FN61YF1YKRDNJY9CHHTTWE","Creatine Phospho Kinase-MB","cpkm","01M1XDYK2WQE7AZR2B1Q41KG9A","70000","0",,"1","01M1XEPT3TDN9V5VWQSJ3M2AG6","70000","1","0","0","0","0","1","2026-09-14T09:50:13.944Z","2026-09-14T09:50:13.944Z","Blood"
"01M2FN61YF4V8JN7Y65TNHP07V","Creatine Phospho Kinase (CK)","ck","01M1XDYK2WQE7AZR2B1Q41KG9A","70000","0",,"1","01M1XEPT3TDN9V5VWQSJ3M2AG6","70000","1","0","0","0","0","1","2026-09-14T09:50:13.944Z","2026-09-14T09:50:13.944Z","Blood"
"01M2FN61YF5V1BVV5VEJSFMPZP","Creatnine","creatnine","01M1XDYK2WQE7AZR2B1Q41KG9A","20000","0",,"1","01M1XEPT3TDN9V5VWQSJ3M2AG6","20000","1","0","0","0","0","1","2026-09-14T09:50:13.944Z","2026-09-14T09:50:13.944Z","Blood"
"01M2FN61YFA9PF6E33QQTM31MM","C-Reactive Protein Qualitative","crpq","01M1XDYK2WQE7AZR2B1Q41KG9A","35000","0",,"1","01M1XEPT3TDN9V5VWQSJ3M2AG6","35000","1","0","0","0","0","1","2026-09-14T09:50:13.944Z","2026-09-14T09:50:13.944Z","Blood"
"01M2FN61YFRQZFJ4PC5HP3XFFE","Cytomegalo virus IgG (CMV-IgG)","cvi","01M1XDYK2WQE7AZR2B1Q41KG9A","80000","0",,"1","01M1XEPT3TDN9V5VWQSJ3M2AG6","80000","1","0","0","0","0","1","2026-09-14T09:50:13.944Z","2026-09-14T09:50:13.944Z","Blood"
"01M2FN61YFRTRDP4A2X0MGW87Y","C-Peptide","cpept","01M1XDYK2WQE7AZR2B1Q41KG9A","160000","0",,"1","01M1XEPT3TDN9V5VWQSJ3M2AG6","160000","1","0","0","0","0","1","2026-09-14T09:50:13.944Z","2026-09-14T09:50:13.944Z","Blood"
"01M2FN61YFX6RY7TANXRJ4EV1R","C-Reactive Protein Quantitative","crpq2","01M1XDYK2WQE7AZR2B1Q41KG9A","90000","0",,"1","01M1XEPT3TDN9V5VWQSJ3M2AG6","90000","1","0","0","0","0","1","2026-09-14T09:50:13.944Z","2026-09-14T09:50:13.944Z","Blood"
"01M2FN61YG0KZ3YA2QAZPW78K8","Direct Coomb Test","dct","01M1XDYK2WQE7AZR2B1Q41KG9A","120000","0",,"1","01M1XEPT3TDN9V5VWQSJ3M2AG6","120000","1","0","0","0","0","1","2026-09-14T09:50:13.944Z","2026-09-14T09:50:13.944Z","Blood"
"01M2FN61YG1J6DA117Z48Y5QXE","Cytomegalo virus IgM(CMV-IgM)","cvi2","01M1XDYK2WQE7AZR2B1Q41KG9A","80000","0",,"1","01M1XEPT3TDN9V5VWQSJ3M2AG6","80000","1","0","0","0","0","1","2026-09-14T09:50:13.944Z","2026-09-14T09:50:13.944Z","Blood"
"01M2FN61YGB1BQH22SB6SG0XEE","Drug Abuse Panel (12 Test)","dap12","01M1XDYK2WQE7AZR2B1Q41KG9A","600000","0",,"1","01M1XEPT3TDN9V5VWQSJ3M2AG6","600000","1","0","0","0","0","1","2026-09-14T09:50:13.944Z","2026-09-14T09:50:13.944Z","Urine"
"01M2FN61YGGSQ7SCGVTW10020V","Drug Abuse Panel (6 Test)","dap6","01M1XDYK2WQE7AZR2B1Q41KG9A","400000","0",,"1","01M1XEPT3TDN9V5VWQSJ3M2AG6","400000","1","0","0","0","0","1","2026-09-14T09:50:13.944Z","2026-09-14T09:50:13.944Z","Urine"
"01M2FN61YGJXYPC3H6XQSYX7K0","D Dimer","ddime","01M1XDYK2WQE7AZR2B1Q41KG9A","180000","0",,"1","01M1XEPT3TDN9V5VWQSJ3M2AG6","180000","1","0","0","0","0","1","2026-09-14T09:50:13.944Z","2026-09-14T09:50:13.944Z","Blood"
"01M2FN61YGK8FHEAPA4RV9ESV7","ENA Profile 12 Panel","ep1p","01M1XDYK2WQE7AZR2B1Q41KG9A","450000","0",,"1","01M1XEPT3TDN9V5VWQSJ3M2AG6","450000","1","0","0","0","0","1","2026-09-14T09:50:13.944Z","2026-09-14T09:50:13.944Z","Blood"
"01M2FN61YGPTJ6NPYJ6H30BPWQ","DHEAS","dheas","01M1XDYK2WQE7AZR2B1Q41KG9A","150000","0",,"1","01M1XEPT3TDN9V5VWQSJ3M2AG6","150000","1","0","0","0","0","1","2026-09-14T09:50:13.944Z","2026-09-14T09:50:13.944Z","Blood"
"01M2FN61YGSS2V56J96MFA8ZX3","Dengue IgG/IgM","dii","01M1XDYK2WQE7AZR2B1Q41KG9A","150000","0",,"1","01M1XEPT3TDN9V5VWQSJ3M2AG6","150000","1","0","0","0","0","1","2026-09-14T09:50:13.944Z","2026-09-14T09:50:13.944Z","Blood"
"01M2FN61YH763VT60C2ZD2P8PX","ENA Profile 18 Panel","ep1p2","01M1XDYK2WQE7AZR2B1Q41KG9A","600000","0",,"1","01M1XEPT3TDN9V5VWQSJ3M2AG6","600000","1","0","0","0","0","1","2026-09-14T09:50:13.944Z","2026-09-14T09:50:13.944Z","Blood"
"01M2FN61YHDATRN2R6SNP6JB8Y","ESR","esr","01M1XDYK2WQE7AZR2B1Q41KG9A","8000","0",,"1","01M1XEPT3TDN9V5VWQSJ3M2AG6","8000","1","0","0","0","0","1","2026-09-14T09:50:13.944Z","2026-09-14T09:50:13.944Z","Blood"
"01M2FN61YHHXRYR3K7K2XPS5RD","Extractable Nuclear Ag -Screen","enas","01M1XDYK2WQE7AZR2B1Q41KG9A","600000","0",,"1","01M1XEPT3TDN9V5VWQSJ3M2AG6","600000","1","0","0","0","0","1","2026-09-14T09:50:13.944Z","2026-09-14T09:50:13.944Z","Blood"
"01M2FN61YHSWPGSFAW3PCAKMJF","Estradiol (E2)","estradiol2","01M1XDYK2WQE7AZR2B1Q41KG9A","140000","0",,"1","01M1XEPT3TDN9V5VWQSJ3M2AG6","140000","1","0","0","0","0","1","2026-09-14T09:50:13.944Z","2026-09-14T09:50:13.944Z","Blood"
"01M2FN61YJ6KFB2GEX49PNT3RY","Free Triidothyronine (FT3)","ft3","01M1XDYK2WQE7AZR2B1Q41KG9A","40000","0",,"1","01M1XEPT3TDN9V5VWQSJ3M2AG6","40000","1","0","0","0","0","1","2026-09-14T09:50:13.944Z","2026-09-14T09:50:13.944Z","Blood"
"01M2FN61YJA3W1G2H830RSEJ3C","Free Thyroxine (FT4)","ft4","01M1XDYK2WQE7AZR2B1Q41KG9A","40000","0",,"1","01M1XEPT3TDN9V5VWQSJ3M2AG6","40000","1","0","0","0","0","1","2026-09-14T09:50:13.944Z","2026-09-14T09:50:13.944Z","Blood"
"01M2FN61YJDSZ9JTQSYTPF6ZXC","Ferritin","ferritin","01M1XDYK2WQE7AZR2B1Q41KG9A","120000","0",,"1","01M1XEPT3TDN9V5VWQSJ3M2AG6","120000","1","0","0","0","0","1","2026-09-14T09:50:13.944Z","2026-09-14T09:50:13.944Z","Blood"
"01M2FN61YJEQCYV6PBDHXM615Z","Food Allergy Panel","fap","01M1XDYK2WQE7AZR2B1Q41KG9A","400000","0",,"1","01M1XEPT3TDN9V5VWQSJ3M2AG6","400000","1","0","0","0","0","1","2026-09-14T09:50:13.944Z","2026-09-14T09:50:13.944Z","Blood"
"01M2FN61YJNCMNA0TT8KZG6YEY","Follicle Stimulating Hormone (FSH)","fsh","01M1XDYK2WQE7AZR2B1Q41KG9A","120000","0",,"1","01M1XEPT3TDN9V5VWQSJ3M2AG6","120000","1","0","0","0","0","1","2026-09-14T09:50:13.944Z","2026-09-14T09:50:13.944Z","Blood"
"01M2FN61YJWSSNK74QFP31ATGQ","Folic Acid / Folate","faf","01M1XDYK2WQE7AZR2B1Q41KG9A","150000","0",,"1","01M1XEPT3TDN9V5VWQSJ3M2AG6","150000","1","0","0","0","0","1","2026-09-14T09:50:13.944Z","2026-09-14T09:50:13.944Z","Blood"
"01M2FN61YK1DFV5X6DY6KDVGGT","Fungal Culture","fungalcult","01M1XDYK2WQE7AZR2B1Q41KG9A","70000","0",,"1","01M1XEPT3TDN9V5VWQSJ3M2AG6","70000","1","0","0","0","0","1","2026-09-14T09:50:13.944Z","2026-09-14T09:50:13.944Z","Tissue"
"01M2FN61YKB1K0XRRAXQHA1J6R","Gamma GT (GGT)","ggt","01M1XDYK2WQE7AZR2B1Q41KG9A","60000","0",,"1","01M1XEPT3TDN9V5VWQSJ3M2AG6","60000","1","0","0","0","0","1","2026-09-14T09:50:13.944Z","2026-09-14T09:50:13.944Z","Blood"
"01M2FN61YKDBAT5CJV8BMJWC14","GCT (1 HOUR)","gct1","01M1XDYK2WQE7AZR2B1Q41KG9A","8000","0",,"1","01M1XEPT3TDN9V5VWQSJ3M2AG6","8000","1","0","0","0","0","1","2026-09-14T09:50:13.944Z","2026-09-14T09:50:13.944Z","Blood"
"01M2FN61YKPJ6A7XHTV95YNFE2","GCT (2 HOUR)","gct2","01M1XDYK2WQE7AZR2B1Q41KG9A","8000","0",,"1","01M1XEPT3TDN9V5VWQSJ3M2AG6","8000","1","0","0","0","0","1","2026-09-14T09:50:13.944Z","2026-09-14T09:50:13.944Z","Blood"
"01M2FN61YKR0K74RHK4A1JRYCK","G.T.T","gtt","01M1XDYK2WQE7AZR2B1Q41KG9A","64000","0",,"1","01M1XEPT3TDN9V5VWQSJ3M2AG6","64000","1","0","0","0","0","1","2026-09-14T09:50:13.944Z","2026-09-14T09:50:13.944Z","Blood"
"01M2FN61YKSE4MN14TCP7AR712","FTFT","ftft","01M1XDYK2WQE7AZR2B1Q41KG9A","100000","0",,"1","01M1XEPT3TDN9V5VWQSJ3M2AG6","100000","1","0","0","0","0","1","2026-09-14T09:50:13.944Z","2026-09-14T09:50:13.944Z","Blood"
"01M2FN61YM54R9PEXVH1KD43DD","Gonadotrophins (LH & FSH)","gonadotrop","01M1XDYK2WQE7AZR2B1Q41KG9A","240000","0",,"1","01M1XEPT3TDN9V5VWQSJ3M2AG6","240000","1","0","0","0","0","1","2026-09-14T09:50:13.944Z","2026-09-14T09:50:13.944Z","Blood"
"01M2FN61YM6HPDNR3NMM2A7CR9","Globulin","globulin","01M1XDYK2WQE7AZR2B1Q41KG9A","36000","0",,"1","01M1XEPT3TDN9V5VWQSJ3M2AG6","36000","1","0","0","0","0","1","2026-09-14T09:50:13.944Z","2026-09-14T09:50:13.944Z","Blood"
"01M2FN61YM7HEDSVN7Q6681YBZ","Haemoglobin (Hb)","haemoglobi","01M1XDYK2WQE7AZR2B1Q41KG9A","12000","0",,"1","01M1XEPT3TDN9V5VWQSJ3M2AG6","12000","1","0","0","0","0","1","2026-09-14T09:50:13.944Z","2026-09-14T09:50:13.944Z","Blood"
"01M2FN61YMY2EXP2GY08224X32","Gram Stain","gramstai","01M1XDYK2WQE7AZR2B1Q41KG9A","20000","0",,"1","01M1XEPT3TDN9V5VWQSJ3M2AG6","20000","1","0","0","0","0","1","2026-09-14T09:50:13.944Z","2026-09-14T09:50:13.944Z","Sputum"
"01M2FN61YMYWPJQRBN3G7M4STN","Growth Hormone (GH)","gh","01M1XDYK2WQE7AZR2B1Q41KG9A","160000","0",,"1","01M1XEPT3TDN9V5VWQSJ3M2AG6","160000","1","0","0","0","0","1","2026-09-14T09:50:13.944Z","2026-09-14T09:50:13.944Z","Blood"
"01M2FN61YN3YRWNXYSC462M6BZ","HbeAb","hbeab","01M1XDYK2WQE7AZR2B1Q41KG9A","180000","0",,"1","01M1XEPT3TDN9V5VWQSJ3M2AG6","180000","1","0","0","0","0","1","2026-09-14T09:50:13.944Z","2026-09-14T09:50:13.944Z","Blood"
"01M2FN61YN4CHGEQMVWRQATKQ0","Hb A1c","hba1c","01M1XDYK2WQE7AZR2B1Q41KG9A","90000","0",,"1","01M1XEPT3TDN9V5VWQSJ3M2AG6","90000","1","0","0","0","0","1","2026-09-14T09:50:13.944Z","2026-09-14T09:50:13.944Z","Blood"
"01M2FN61YP81EDP3W2B3A3KR8E","HCV RNA Viral Load","hrvl","01M1XDYK2WQE7AZR2B1Q41KG9A","750000","0",,"1","01M1XEPT3TDN9V5VWQSJ3M2AG6","750000","1","0","0","0","0","1","2026-09-14T09:50:13.944Z","2026-09-14T09:50:13.944Z","Blood"
"01M2FN61YP9J32YAF34A9ABFFV","HBsAg","hbsag","01M1XDYK2WQE7AZR2B1Q41KG9A","40000","0",,"1","01M1XEPT3TDN9V5VWQSJ3M2AG6","40000","1","0","0","0","0","1","2026-09-14T09:50:13.944Z","2026-09-14T09:50:13.944Z","Blood"
"01M2FN61YPBAPTB84QTRW08VA3","HbeAg","hbeag","01M1XDYK2WQE7AZR2B1Q41KG9A","180000","0",,"1","01M1XEPT3TDN9V5VWQSJ3M2AG6","180000","1","0","0","0","0","1","2026-09-14T09:50:13.944Z","2026-09-14T09:50:13.944Z","Blood"
"01M2FN61YPC2Q6VNYQCSKB93E8","HDL -Cholesterol","hdlchol","01M1XDYK2WQE7AZR2B1Q41KG9A","30000","0",,"1","01M1XEPT3TDN9V5VWQSJ3M2AG6","30000","1","0","0","0","0","1","2026-09-14T09:50:13.944Z","2026-09-14T09:50:13.944Z","Blood"
"01M2FN61YPF3ED2GYB2PKW2TD3","HBV DNA Viral Load","hdvl","01M1XDYK2WQE7AZR2B1Q41KG9A","750000","0",,"1","01M1XEPT3TDN9V5VWQSJ3M2AG6","750000","1","0","0","0","0","1","2026-09-14T09:50:13.944Z","2026-09-14T09:50:13.944Z","Blood"
"01M2FN61YPHWMS0T3RS72HQZA0","Hepatitis B Surface Antigen (CLIA)","hbsaclia","01M1XDYK2WQE7AZR2B1Q41KG9A","100000","0",,"1","01M1XEPT3TDN9V5VWQSJ3M2AG6","100000","1","0","0","0","0","1","2026-09-14T09:50:13.944Z","2026-09-14T09:50:13.944Z","Blood"
"01M2FN61YPVEF1CK91YQD891QM","Hepatitis B Surface Antigen (ICT)","hbsaict","01M1XDYK2WQE7AZR2B1Q41KG9A","40000","0",,"1","01M1XEPT3TDN9V5VWQSJ3M2AG6","40000","1","0","0","0","0","1","2026-09-14T09:50:13.944Z","2026-09-14T09:50:13.944Z","Blood"
"01M2FN61YPYR2D89MY815MVAGF","HDL/ LDL Ratio","hlr","01M1XDYK2WQE7AZR2B1Q41KG9A","60000","0",,"1","01M1XEPT3TDN9V5VWQSJ3M2AG6","60000","1","0","0","0","0","1","2026-09-14T09:50:13.944Z","2026-09-14T09:50:13.944Z","Blood"
"01M2FN61YQ2B97YAY4W36TCWPH","HIV 1+2, Rapid","h12r","01M1XDYK2WQE7AZR2B1Q41KG9A","60000","0",,"1","01M1XEPT3TDN9V5VWQSJ3M2AG6","60000","1","0","0","0","0","1","2026-09-14T09:50:13.944Z","2026-09-14T09:50:13.944Z","Blood"
"01M2FN61YQ948DPTJT3969SXP2","Hepatitis C CLIA","hcc","01M1XDYK2WQE7AZR2B1Q41KG9A","120000","0",,"1","01M1XEPT3TDN9V5VWQSJ3M2AG6","120000","1","0","0","0","0","1","2026-09-14T09:50:13.944Z","2026-09-14T09:50:13.944Z","Blood"
"01M2FN61YQFRCZSNTTQN24GH8J","HIV 1+2, CLIA","h12c","01M1XDYK2WQE7AZR2B1Q41KG9A","120000","0",,"1","01M1XEPT3TDN9V5VWQSJ3M2AG6","120000","1","0","0","0","0","1","2026-09-14T09:50:13.944Z","2026-09-14T09:50:13.944Z","Blood"
"01M2FN61YQNF4F1PPJMRZNQTE9","HLAB27","hlab27","01M1XDYK2WQE7AZR2B1Q41KG9A","400000","0",,"1","01M1XEPT3TDN9V5VWQSJ3M2AG6","400000","1","0","0","0","0","1","2026-09-14T09:50:13.944Z","2026-09-14T09:50:13.944Z","Blood"
"01M2FN61YQP0DJ5D6GHF74Q40R","HEV IGM","hevigm","01M1XDYK2WQE7AZR2B1Q41KG9A","180000","0",,"1","01M1XEPT3TDN9V5VWQSJ3M2AG6","180000","1","0","0","0","0","1","2026-09-14T09:50:13.944Z","2026-09-14T09:50:13.944Z","Blood"
"01M2FN61YQS6RMTQSE5RE1AKQP","Highly Sensitive CRP","hsc","01M1XDYK2WQE7AZR2B1Q41KG9A","90000","0",,"1","01M1XEPT3TDN9V5VWQSJ3M2AG6","90000","1","0","0","0","0","1","2026-09-14T09:50:13.944Z","2026-09-14T09:50:13.944Z","Blood"
"01M2FN61YQWR6025XE7TJFN43G","Hepatitis C Rapid","hcr","01M1XDYK2WQE7AZR2B1Q41KG9A","60000","0",,"1","01M1XEPT3TDN9V5VWQSJ3M2AG6","60000","1","0","0","0","0","1","2026-09-14T09:50:13.944Z","2026-09-14T09:50:13.944Z","Blood"
"01M2FN61YR32PE71W7FD2R6APM","H.Pylori Antibody Rapid","hpar","01M1XDYK2WQE7AZR2B1Q41KG9A","90000","0",,"1","01M1XEPT3TDN9V5VWQSJ3M2AG6","90000","1","0","0","0","0","1","2026-09-14T09:50:13.944Z","2026-09-14T09:50:13.944Z","Blood"
"01M2FN61YRH51VG39K8CA3MJDR","H. Pylori Ag Stool","hpas","01M1XDYK2WQE7AZR2B1Q41KG9A","100000","0",,"1","01M1XEPT3TDN9V5VWQSJ3M2AG6","100000","1","0","0","0","0","1","2026-09-14T09:50:13.944Z","2026-09-14T09:50:13.944Z","Stool"
"01M2FN61YRQ87ST71R053MGZN3","HPV (Human Pappiloma Virus)","hpv","01M1XDYK2WQE7AZR2B1Q41KG9A","350000","0",,"1","01M1XEPT3TDN9V5VWQSJ3M2AG6","350000","1","0","0","0","0","1","2026-09-14T09:50:13.944Z","2026-09-14T09:50:13.944Z","Swab"
"01M2FN61YRR3W56QB23CM2SSRA","HSV 1 IgG","h1i","01M1XDYK2WQE7AZR2B1Q41KG9A","50000","0",,"1","01M1XEPT3TDN9V5VWQSJ3M2AG6","50000","1","0","0","0","0","1","2026-09-14T09:50:13.944Z","2026-09-14T09:50:13.944Z","Blood"
"01M2FN61YS4EP120A7XR5HFY75","HSV 2 IgG","h2i","01M1XDYK2WQE7AZR2B1Q41KG9A","50000","0",,"1","01M1XEPT3TDN9V5VWQSJ3M2AG6","50000","1","0","0","0","0","1","2026-09-14T09:50:13.944Z","2026-09-14T09:50:13.944Z","Blood"
"01M2FN61YS59ZK7FGZ6AAB9YHQ","HVS For Culture","hfc","01M1XDYK2WQE7AZR2B1Q41KG9A","40000","0",,"1","01M1XEPT3TDN9V5VWQSJ3M2AG6","40000","1","0","0","0","0","1","2026-09-14T09:50:13.944Z","2026-09-14T09:50:13.944Z","Swab"
"01M2FN61YSEDFTPMNDEQS9RVJ6","HSV 2 IgM","h2i2","01M1XDYK2WQE7AZR2B1Q41KG9A","50000","0",,"1","01M1XEPT3TDN9V5VWQSJ3M2AG6","50000","1","0","0","0","0","1","2026-09-14T09:50:13.944Z","2026-09-14T09:50:13.944Z","Blood"
"01M2FN61YSR1PA1R05YFY4WJJJ","HSV 1 IgM","h1i2","01M1XDYK2WQE7AZR2B1Q41KG9A","50000","0",,"1","01M1XEPT3TDN9V5VWQSJ3M2AG6","50000","1","0","0","0","0","1","2026-09-14T09:50:13.944Z","2026-09-14T09:50:13.944Z","Blood"
"01M2FN61YSV9EPD240W03C36DK","IgE","ige","01M1XDYK2WQE7AZR2B1Q41KG9A","150000","0",,"1","01M1XEPT3TDN9V5VWQSJ3M2AG6","150000","1","0","0","0","0","1","2026-09-14T09:50:13.944Z","2026-09-14T09:50:13.944Z","Blood"
"01M2FN61YT0QV5AHQCR11Q5428","Inhalant Allergy Panel","iap","01M1XDYK2WQE7AZR2B1Q41KG9A","400000","0",,"1","01M1XEPT3TDN9V5VWQSJ3M2AG6","400000","1","0","0","0","0","1","2026-09-14T09:50:13.944Z","2026-09-14T09:50:13.944Z","Blood"
"01M2FN61YT9J3XZDCCG35F2SDA","Indirect Coomb Test","ict","01M1XDYK2WQE7AZR2B1Q41KG9A","120000","0",,"1","01M1XEPT3TDN9V5VWQSJ3M2AG6","120000","1","0","0","0","0","1","2026-09-14T09:50:13.944Z","2026-09-14T09:50:13.944Z","Blood"
"01M2FN61YT9TAQ8WHSVHHZKY61","India Ink Preparation","iip","01M1XDYK2WQE7AZR2B1Q41KG9A","40000","0",,"1","01M1XEPT3TDN9V5VWQSJ3M2AG6","40000","1","0","0","0","0","1","2026-09-14T09:50:13.944Z","2026-09-14T09:50:13.944Z","Fluid"
"01M2FN61YTJJV3SFZAB96WTYH2","Immunoglobulin IgG","immunoigg","01M1XDYK2WQE7AZR2B1Q41KG9A","120000","0",,"1","01M1XEPT3TDN9V5VWQSJ3M2AG6","120000","1","0","0","0","0","1","2026-09-14T09:50:13.944Z","2026-09-14T09:50:13.944Z","Blood"
"01M2FN61YTJP9HQSHVHYCN332K","Infertility Panel (Female)","infertpane","01M1XDYK2WQE7AZR2B1Q41KG9A","600000","0",,"1","01M1XEPT3TDN9V5VWQSJ3M2AG6","600000","1","0","0","0","0","1","2026-09-14T09:50:13.944Z","2026-09-14T09:50:13.944Z","Blood"
"01M2FN61YTPVA7T039V7WXDPNA","IGRA","igra","01M1XDYK2WQE7AZR2B1Q41KG9A","480000","0",,"1","01M1XEPT3TDN9V5VWQSJ3M2AG6","480000","1","0","0","0","0","1","2026-09-14T09:50:13.944Z","2026-09-14T09:50:13.944Z","Blood"
"01M2FN61YTXBT6EKZ5MV9BW4YG","Immunoglobulin IgM","immunoigm","01M1XDYK2WQE7AZR2B1Q41KG9A","120000","0",,"1","01M1XEPT3TDN9V5VWQSJ3M2AG6","120000","1","0","0","0","0","1","2026-09-14T09:50:13.944Z","2026-09-14T09:50:13.944Z","Blood"
"01M2FN61YV1VZ8J0BNCQN1P36K","Intact Para Thyroid Hormone","ipth","01M1XDYK2WQE7AZR2B1Q41KG9A","200000","0",,"1","01M1XEPT3TDN9V5VWQSJ3M2AG6","200000","1","0","0","0","0","1","2026-09-14T09:50:13.944Z","2026-09-14T09:50:13.944Z","Blood"
"01M2FN61YV5B4HBVBFNW7BFZEM","Insulin PP","insulipp","01M1XDYK2WQE7AZR2B1Q41KG9A","150000","0",,"1","01M1XEPT3TDN9V5VWQSJ3M2AG6","150000","1","0","0","0","0","1","2026-09-14T09:50:13.944Z","2026-09-14T09:50:13.944Z","Blood"
"01M2FN61YV7Q8GKYYNF998M0ZM","K39","k39","01M1XDYK2WQE7AZR2B1Q41KG9A","120000","0",,"1","01M1XEPT3TDN9V5VWQSJ3M2AG6","120000","1","0","0","0","0","1","2026-09-14T09:50:13.944Z","2026-09-14T09:50:13.944Z","Blood"
"01M2FN61YVBEKBVSGBDA9G8GB8","Iron","iron","01M1XDYK2WQE7AZR2B1Q41KG9A","60000","0",,"1","01M1XEPT3TDN9V5VWQSJ3M2AG6","60000","1","0","0","0","0","1","2026-09-14T09:50:13.944Z","2026-09-14T09:50:13.944Z","Blood"
"01M2FN61YVHB9Q1NC1N696HM6X","Insulin Random","insulirand","01M1XDYK2WQE7AZR2B1Q41KG9A","150000","0",,"1","01M1XEPT3TDN9V5VWQSJ3M2AG6","150000","1","0","0","0","0","1","2026-09-14T09:50:13.944Z","2026-09-14T09:50:13.944Z","Blood"
"01M2FN61YVKMJVCK3CTG252EBC","Iron Profile","ironprof","01M1XDYK2WQE7AZR2B1Q41KG9A","180000","0",,"1","01M1XEPT3TDN9V5VWQSJ3M2AG6","180000","1","0","0","0","0","1","2026-09-14T09:50:13.944Z","2026-09-14T09:50:13.944Z","Blood"
"01M2FN61YVSKBVS4A50KDJFG6S","Insulin Fasting","insulifast","01M1XDYK2WQE7AZR2B1Q41KG9A","150000","0",,"1","01M1XEPT3TDN9V5VWQSJ3M2AG6","150000","1","0","0","0","0","1","2026-09-14T09:50:13.944Z","2026-09-14T09:50:13.944Z","Blood"
"01M2FN61YW31PRVQXF2ZA7GRSM","Ketone Bodies / Acetone","kba","01M1XDYK2WQE7AZR2B1Q41KG9A","20000","0",,"1","01M1XEPT3TDN9V5VWQSJ3M2AG6","20000","1","0","0","0","0","1","2026-09-14T09:50:13.944Z","2026-09-14T09:50:13.944Z","Urine"
"01M2FN61YW9WX4WWZGKSJH5VXY","LBC (Liquid Based Cytology)","lbc","01M1XDYK2WQE7AZR2B1Q41KG9A","180000","0",,"1","01M1XEPT3TDN9V5VWQSJ3M2AG6","180000","1","0","0","0","0","1","2026-09-14T09:50:13.944Z","2026-09-14T09:50:13.944Z","Swab"
"01M2FN61YWE8CRZCE6DMVRSHP7","KOH Wet Mount","kwm","01M1XDYK2WQE7AZR2B1Q41KG9A","30000","0",,"1","01M1XEPT3TDN9V5VWQSJ3M2AG6","30000","1","0","0","0","0","1","2026-09-14T09:50:13.944Z","2026-09-14T09:50:13.944Z","Tissue"
"01M2FN61YWEHA9RP1YPFZC9NZ6","Lactate Dehydrogenase (LDH)","ldh","01M1XDYK2WQE7AZR2B1Q41KG9A","60000","0",,"1","01M1XEPT3TDN9V5VWQSJ3M2AG6","60000","1","0","0","0","0","1","2026-09-14T09:50:13.944Z","2026-09-14T09:50:13.944Z","Blood"
"01M2FN61YWG5P34TDFSJXS8P1A","LDL Cholesterol","ldlchol","01M1XDYK2WQE7AZR2B1Q41KG9A","40000","0",,"1","01M1XEPT3TDN9V5VWQSJ3M2AG6","40000","1","0","0","0","0","1","2026-09-14T09:50:13.944Z","2026-09-14T09:50:13.944Z","Blood"
"01M2FN61YWY9R6B2FW0Z7QZ5Y1","Lactate Dehydrogenase(Fluid)","lactatdehy","01M1XDYK2WQE7AZR2B1Q41KG9A","60000","0",,"1","01M1XEPT3TDN9V5VWQSJ3M2AG6","60000","1","0","0","0","0","1","2026-09-14T09:50:13.944Z","2026-09-14T09:50:13.944Z","Blood"
"01M2FN61YX5D2GN0DNEZ6RKGMJ","Leptospira IgG,IgM","lii","01M1XDYK2WQE7AZR2B1Q41KG9A","120000","0",,"1","01M1XEPT3TDN9V5VWQSJ3M2AG6","120000","1","0","0","0","0","1","2026-09-14T09:50:13.944Z","2026-09-14T09:50:13.944Z","Blood"
"01M2FN61YX673YZFW5KJ834138","Leutinising Hormone (LH)","lh","01M1XDYK2WQE7AZR2B1Q41KG9A","120000","0",,"1","01M1XEPT3TDN9V5VWQSJ3M2AG6","120000","1","0","0","0","0","1","2026-09-14T09:50:13.944Z","2026-09-14T09:50:13.944Z","Blood"
"01M2FN61YXGEQJ50K0JK42B27A","LH / FSH Ratio","lfr","01M1XDYK2WQE7AZR2B1Q41KG9A","240000","0",,"1","01M1XEPT3TDN9V5VWQSJ3M2AG6","240000","1","0","0","0","0","1","2026-09-14T09:50:13.944Z","2026-09-14T09:50:13.944Z","Blood"
"01M2FN61YY6TYEV540YFY622WA","M C H (Mean Corp Hb)","mch","01M1XDYK2WQE7AZR2B1Q41KG9A","12000","0",,"1","01M1XEPT3TDN9V5VWQSJ3M2AG6","12000","1","0","0","0","0","1","2026-09-14T09:50:13.944Z","2026-09-14T09:50:13.944Z","Blood"
"01M2FN61YY6X05HT1R59FWR16Z","M C V (Mean Corp Volume)","mcv","01M1XDYK2WQE7AZR2B1Q41KG9A","12000","0",,"1","01M1XEPT3TDN9V5VWQSJ3M2AG6","12000","1","0","0","0","0","1","2026-09-14T09:50:13.944Z","2026-09-14T09:50:13.944Z","Blood"
"01M2FN61YYE5CADJ5WFY5B8FXC","Malaria Antigen","malarianti","01M1XDYK2WQE7AZR2B1Q41KG9A","60000","0",,"1","01M1XEPT3TDN9V5VWQSJ3M2AG6","60000","1","0","0","0","0","1","2026-09-14T09:50:13.944Z","2026-09-14T09:50:13.944Z","Blood"
"01M2FN61YYEA39VHHZH8675NWP","Magnesium","magnesium","01M1XDYK2WQE7AZR2B1Q41KG9A","60000","0",,"1","01M1XEPT3TDN9V5VWQSJ3M2AG6","60000","1","0","0","0","0","1","2026-09-14T09:50:13.944Z","2026-09-14T09:50:13.944Z","Blood"
"01M2FN61YYKFP73TMAQ4RY62TZ","Liver Function Test (LFT)","lft","01M1XDYK2WQE7AZR2B1Q41KG9A","80000","0",,"1","01M1XEPT3TDN9V5VWQSJ3M2AG6","80000","1","0","0","0","0","1","2026-09-14T09:50:13.944Z","2026-09-14T09:50:13.944Z","Blood"
"01M2FN61YYRW08DW6T1J8P4EN2","Lipid Profile test","lpt","01M1XDYK2WQE7AZR2B1Q41KG9A","80000","0",,"1","01M1XEPT3TDN9V5VWQSJ3M2AG6","80000","1","0","0","0","0","1","2026-09-14T09:50:13.944Z","2026-09-14T09:50:13.944Z","Blood"
"01M2FN61YYVD3CPXBFYJKTDQZ0","Lipase","lipase","01M1XDYK2WQE7AZR2B1Q41KG9A","70000","0",,"1","01M1XEPT3TDN9V5VWQSJ3M2AG6","70000","1","0","0","0","0","1","2026-09-14T09:50:13.944Z","2026-09-14T09:50:13.944Z","Blood"
"01M2FN61YYX5JWNGAEA0QEJZPV","M C H C (Mean Corp Hb Conc)","mchc","01M1XDYK2WQE7AZR2B1Q41KG9A","12000","0",,"1","01M1XEPT3TDN9V5VWQSJ3M2AG6","12000","1","0","0","0","0","1","2026-09-14T09:50:13.944Z","2026-09-14T09:50:13.944Z","Blood"
"01M2FN61YZ4RGMTFR0HM6842AR","PCOD Panel","pcodpane","01M1XDYK2WQE7AZR2B1Q41KG9A","650000","0",,"1","01M1XEPT3TDN9V5VWQSJ3M2AG6","650000","1","0","0","0","0","1","2026-09-14T09:50:13.944Z","2026-09-14T09:50:13.944Z","Blood"
"01M2FN61YZ6FREKVMD76B6BF43","PAP Smear","papsmea","01M1XDYK2WQE7AZR2B1Q41KG9A","70000","0",,"1","01M1XEPT3TDN9V5VWQSJ3M2AG6","70000","1","0","0","0","0","1","2026-09-14T09:50:13.944Z","2026-09-14T09:50:13.944Z","Swab"
"01M2FN61YZ6Q8J17PZ9KBE9KHG","PCV","pcv","01M1XDYK2WQE7AZR2B1Q41KG9A","12000","0",,"1","01M1XEPT3TDN9V5VWQSJ3M2AG6","12000","1","0","0","0","0","1","2026-09-14T09:50:13.944Z","2026-09-14T09:50:13.944Z","Blood"
"01M2FN61YZB5BXGVK9K79FA1NA","Occult Blood","occultbloo","01M1XDYK2WQE7AZR2B1Q41KG9A","20000","0",,"1","01M1XEPT3TDN9V5VWQSJ3M2AG6","20000","1","0","0","0","0","1","2026-09-14T09:50:13.944Z","2026-09-14T09:50:13.944Z","Stool"
"01M2FN61YZERF8KP5ZYRTQG3B1","Mycodot","mycodot","01M1XDYK2WQE7AZR2B1Q41KG9A","120000","0",,"1","01M1XEPT3TDN9V5VWQSJ3M2AG6","120000","1","0","0","0","0","1","2026-09-14T09:50:13.944Z","2026-09-14T09:50:13.944Z","Blood"
"01M2FN61YZJ0CW2W1HXM0QPXQC","Microalbumin","microalbum","01M1XDYK2WQE7AZR2B1Q41KG9A","90000","0",,"1","01M1XEPT3TDN9V5VWQSJ3M2AG6","90000","1","0","0","0","0","1","2026-09-14T09:50:13.944Z","2026-09-14T09:50:13.944Z","Urine"
"01M2FN61YZJ91RH7WHWVJWBPD6","Microalbumin/Creatinine ratio","mcr","01M1XDYK2WQE7AZR2B1Q41KG9A","100000","0",,"1","01M1XEPT3TDN9V5VWQSJ3M2AG6","100000","1","0","0","0","0","1","2026-09-14T09:50:13.944Z","2026-09-14T09:50:13.944Z","Urine"
"01M2FN61YZJH30J8A90WJ8ABVN","Malarial Parasite (Slide)","malaripara","01M1XDYK2WQE7AZR2B1Q41KG9A","30000","0",,"1","01M1XEPT3TDN9V5VWQSJ3M2AG6","30000","1","0","0","0","0","1","2026-09-14T09:50:13.944Z","2026-09-14T09:50:13.944Z","Blood"
"01M2FN61YZJZYWQN70YG0TW3M1","Mean Platelet Volume","mpv","01M1XDYK2WQE7AZR2B1Q41KG9A","12000","0",,"1","01M1XEPT3TDN9V5VWQSJ3M2AG6","12000","1","0","0","0","0","1","2026-09-14T09:50:13.944Z","2026-09-14T09:50:13.944Z","Blood"
"01M2FN61Z05MVM2QTHATANXWGH","Phosphorus","phosphorus","01M1XDYK2WQE7AZR2B1Q41KG9A","30000","0",,"1","01M1XEPT3TDN9V5VWQSJ3M2AG6","30000","1","0","0","0","0","1","2026-09-14T09:50:13.944Z","2026-09-14T09:50:13.944Z","Blood"
"01M2FN61Z09M1QK8YGCP1V67G5","Potassium","potassium","01M1XDYK2WQE7AZR2B1Q41KG9A","20000","0",,"1","01M1XEPT3TDN9V5VWQSJ3M2AG6","20000","1","0","0","0","0","1","2026-09-14T09:50:13.944Z","2026-09-14T09:50:13.944Z","Blood"
"01M2FN61Z0PBHCA9EKHT1DCSJB","Platelet Count","platelcoun","01M1XDYK2WQE7AZR2B1Q41KG9A","15000","0",,"1","01M1XEPT3TDN9V5VWQSJ3M2AG6","15000","1","0","0","0","0","1","2026-09-14T09:50:13.944Z","2026-09-14T09:50:13.944Z","Blood"
"01M2FN61Z0R3MK4QX4T460HS3M","Platelet Distribution Width","pdw","01M1XDYK2WQE7AZR2B1Q41KG9A","15000","0",,"1","01M1XEPT3TDN9V5VWQSJ3M2AG6","15000","1","0","0","0","0","1","2026-09-14T09:50:13.944Z","2026-09-14T09:50:13.944Z","Blood"
"01M2FN61Z0YM7YK80XSX6174K0","Peripheral Blood Smear (PBS)","pbs","01M1XDYK2WQE7AZR2B1Q41KG9A","60000","0",,"1","01M1XEPT3TDN9V5VWQSJ3M2AG6","60000","1","0","0","0","0","1","2026-09-14T09:50:13.944Z","2026-09-14T09:50:13.944Z","Blood"
"01M2FN61Z0YQB0H878W06M1WPW","Pregnancy Test","pregnatest","01M1XDYK2WQE7AZR2B1Q41KG9A","15000","0",,"1","01M1XEPT3TDN9V5VWQSJ3M2AG6","15000","1","0","0","0","0","1","2026-09-14T09:50:13.944Z","2026-09-14T09:50:13.944Z","Urine"
"01M2FN61Z105MMEQKY0JEHK55P","Prothromin Time With INR","ptwi","01M1XDYK2WQE7AZR2B1Q41KG9A","30000","0",,"1","01M1XEPT3TDN9V5VWQSJ3M2AG6","30000","1","0","0","0","0","1","2026-09-14T09:50:13.944Z","2026-09-14T09:50:13.944Z","Blood"
"01M2FN61Z18E5GJVV8E78VYDMW","Prolactin (PRL)","prolactin","01M1XDYK2WQE7AZR2B1Q41KG9A","120000","0",,"1","01M1XEPT3TDN9V5VWQSJ3M2AG6","120000","1","0","0","0","0","1","2026-09-14T09:50:13.944Z","2026-09-14T09:50:13.944Z","Blood"
"01M2FN61Z1GQN5BE6Z2W39NC6E","PSA,Free","psafree","01M1XDYK2WQE7AZR2B1Q41KG9A","200000","0",,"1","01M1XEPT3TDN9V5VWQSJ3M2AG6","200000","1","0","0","0","0","1","2026-09-14T09:50:13.944Z","2026-09-14T09:50:13.944Z","Blood"
"01M2FN61Z1KD34VKRE694525CX","Pus For Culture and Sensitivity","pfcas","01M1XDYK2WQE7AZR2B1Q41KG9A","40000","0",,"1","01M1XEPT3TDN9V5VWQSJ3M2AG6","40000","1","0","0","0","0","1","2026-09-14T09:50:13.944Z","2026-09-14T09:50:13.944Z","Swab"
"01M2FN61Z1VWBC35XDBF1B4FDT","Procalcitonin","procalcito","01M1XDYK2WQE7AZR2B1Q41KG9A","380000","0",,"1","01M1XEPT3TDN9V5VWQSJ3M2AG6","380000","1","0","0","0","0","1","2026-09-14T09:50:13.944Z","2026-09-14T09:50:13.944Z","Blood"
"01M2FN61Z1VXJ3MKDEZC198QK6","PSA,Total","psatota","01M1XDYK2WQE7AZR2B1Q41KG9A","140000","0",,"1","01M1XEPT3TDN9V5VWQSJ3M2AG6","140000","1","0","0","0","0","1","2026-09-14T09:50:13.944Z","2026-09-14T09:50:13.944Z","Blood"
"01M2FN61Z1X7ATR3XWH76XKMRH","Quantiferon TB Gold","qtg","01M1XDYK2WQE7AZR2B1Q41KG9A","480000","0",,"1","01M1XEPT3TDN9V5VWQSJ3M2AG6","480000","1","0","0","0","0","1","2026-09-14T09:50:13.944Z","2026-09-14T09:50:13.944Z","Blood"
"01M2FN61Z1Y56VY1X9KJSTKE0A","Progesterone","progestero","01M1XDYK2WQE7AZR2B1Q41KG9A","140000","0",,"1","01M1XEPT3TDN9V5VWQSJ3M2AG6","140000","1","0","0","0","0","1","2026-09-14T09:50:13.944Z","2026-09-14T09:50:13.944Z","Blood"
"01M2FN61Z210B3VQ37S7CJ6VT4","Renal Function Test (RFT)","rft","01M1XDYK2WQE7AZR2B1Q41KG9A","80000","0",,"1","01M1XEPT3TDN9V5VWQSJ3M2AG6","80000","1","0","0","0","0","1","2026-09-14T09:50:13.944Z","2026-09-14T09:50:13.944Z","Blood"
"01M2FN61Z2BACQX0D1D14NCYM9","Rubella IgG","rubelligg","01M1XDYK2WQE7AZR2B1Q41KG9A","80000","0",,"1","01M1XEPT3TDN9V5VWQSJ3M2AG6","80000","1","0","0","0","0","1","2026-09-14T09:50:13.944Z","2026-09-14T09:50:13.944Z","Blood"
"01M2FN61Z2BRQ29JST1MHQGA5T","RH Antibody Titre","rat","01M1XDYK2WQE7AZR2B1Q41KG9A","120000","0",,"1","01M1XEPT3TDN9V5VWQSJ3M2AG6","120000","1","0","0","0","0","1","2026-09-14T09:50:13.944Z","2026-09-14T09:50:13.944Z","Blood"
"01M2FN61Z2CJP600490MHG67Q6","RA Factor (RAF)","raf","01M1XDYK2WQE7AZR2B1Q41KG9A","30000","0",,"1","01M1XEPT3TDN9V5VWQSJ3M2AG6","30000","1","0","0","0","0","1","2026-09-14T09:50:13.944Z","2026-09-14T09:50:13.944Z","Blood"
"01M2FN61Z2PPZT9EH8MHPZ17C4","Reticulocyte Count","reticucoun","01M1XDYK2WQE7AZR2B1Q41KG9A","60000","0",,"1","01M1XEPT3TDN9V5VWQSJ3M2AG6","60000","1","0","0","0","0","1","2026-09-14T09:50:13.944Z","2026-09-14T09:50:13.944Z","Blood"
"01M2FN61Z2RMHQD299WYTW1M07","RH Typing","rhtypi","01M1XDYK2WQE7AZR2B1Q41KG9A","10000","0",,"1","01M1XEPT3TDN9V5VWQSJ3M2AG6","10000","1","0","0","0","0","1","2026-09-14T09:50:13.944Z","2026-09-14T09:50:13.944Z","Blood"
"01M2FN61Z300T5N7N3PFZ9FRK1","SPOT Urine CAL / CREAT Ratio","succr","01M1XDYK2WQE7AZR2B1Q41KG9A","50000","0",,"1","01M1XEPT3TDN9V5VWQSJ3M2AG6","50000","1","0","0","0","0","1","2026-09-14T09:50:13.944Z","2026-09-14T09:50:13.944Z","Urine"
"01M2FN61Z30FJTPGRQ88X2YWJK","SGOT/AST","sgotast","01M1XDYK2WQE7AZR2B1Q41KG9A","18000","0",,"1","01M1XEPT3TDN9V5VWQSJ3M2AG6","18000","1","0","0","0","0","1","2026-09-14T09:50:13.944Z","2026-09-14T09:50:13.944Z","Blood"
"01M2FN61Z32KB066XNJGHED854","Sodium Potassium","sodiumpota","01M1XDYK2WQE7AZR2B1Q41KG9A","40000","0",,"1","01M1XEPT3TDN9V5VWQSJ3M2AG6","40000","1","0","0","0","0","1","2026-09-14T09:50:13.944Z","2026-09-14T09:50:13.944Z","Blood"
"01M2FN61Z34HMTEC9N6HXMN6HW","Rubella IgM","rubelligm","01M1XDYK2WQE7AZR2B1Q41KG9A","80000","0",,"1","01M1XEPT3TDN9V5VWQSJ3M2AG6","80000","1","0","0","0","0","1","2026-09-14T09:50:13.944Z","2026-09-14T09:50:13.944Z","Blood"
"01M2FN61Z3F5PW1ME0SQE6JNP2","Semen Analysis","semenanal","01M1XDYK2WQE7AZR2B1Q41KG9A","35000","0",,"1","01M1XEPT3TDN9V5VWQSJ3M2AG6","35000","1","0","0","0","0","1","2026-09-14T09:50:13.944Z","2026-09-14T09:50:13.944Z","Semen"
"01M2FN61Z3HT1SST26NXPQ3TTM","Sodium","sodium","01M1XDYK2WQE7AZR2B1Q41KG9A","20000","0",,"1","01M1XEPT3TDN9V5VWQSJ3M2AG6","20000","1","0","0","0","0","1","2026-09-14T09:50:13.944Z","2026-09-14T09:50:13.944Z","Blood"
"01M2FN61Z3TZMWMJXGY20683VV","Scrub Typhus Detect IgG/IgM","stdii","01M1XDYK2WQE7AZR2B1Q41KG9A","200000","0",,"1","01M1XEPT3TDN9V5VWQSJ3M2AG6","200000","1","0","0","0","0","1","2026-09-14T09:50:13.944Z","2026-09-14T09:50:13.944Z","Blood"
"01M2FN61Z3WYF9VFPA11GV9F6T","SGPT/ALT","sgptalt","01M1XDYK2WQE7AZR2B1Q41KG9A","18000","0",,"1","01M1XEPT3TDN9V5VWQSJ3M2AG6","18000","1","0","0","0","0","1","2026-09-14T09:50:13.944Z","2026-09-14T09:50:13.944Z","Blood"
"01M2FN61Z4JJ78D6MHG4686M31","Sputum For AFB","sfa","01M1XDYK2WQE7AZR2B1Q41KG9A","20000","0",,"1","01M1XEPT3TDN9V5VWQSJ3M2AG6","20000","1","0","0","0","0","1","2026-09-14T09:50:13.944Z","2026-09-14T09:50:13.944Z","Sputum"
"01M2FN61Z4JZMJBEJGHDE9ZCTT","Sputum For Culture","sfc","01M1XDYK2WQE7AZR2B1Q41KG9A","35000","0",,"1","01M1XEPT3TDN9V5VWQSJ3M2AG6","35000","1","0","0","0","0","1","2026-09-14T09:50:13.944Z","2026-09-14T09:50:13.944Z","Sputum"
"01M2FN61Z4P0FRFKZZXEA6AAC5","Stool Routine","stoolrout","01M1XDYK2WQE7AZR2B1Q41KG9A","8000","0",,"1","01M1XEPT3TDN9V5VWQSJ3M2AG6","8000","1","0","0","0","0","1","2026-09-14T09:50:13.944Z","2026-09-14T09:50:13.944Z","Stool"
"01M2FN61Z4RAKTG6ZSK87DYS66","Stool for Helicobactor Pylori Ag","sfhpa","01M1XDYK2WQE7AZR2B1Q41KG9A","100000","0",,"1","01M1XEPT3TDN9V5VWQSJ3M2AG6","100000","1","0","0","0","0","1","2026-09-14T09:50:13.944Z","2026-09-14T09:50:13.944Z","Stool"
"01M2FN61Z4YBCGMQQHE1RH7KA3","Stool For Culture","sfc2","01M1XDYK2WQE7AZR2B1Q41KG9A","40000","0",,"1","01M1XEPT3TDN9V5VWQSJ3M2AG6","40000","1","0","0","0","0","1","2026-09-14T09:50:13.944Z","2026-09-14T09:50:13.944Z","Stool"
"01M2FN61Z51YZJ3FFH968JB0MM","Sugar PP","sugarpp","01M1XDYK2WQE7AZR2B1Q41KG9A","8000","0",,"1","01M1XEPT3TDN9V5VWQSJ3M2AG6","8000","1","0","0","0","0","1","2026-09-14T09:50:13.944Z","2026-09-14T09:50:13.944Z","Blood"
"01M2FN61Z56FGME99EVKMJSSF7","Sugar Fasting","sugarfast","01M1XDYK2WQE7AZR2B1Q41KG9A","8000","0",,"1","01M1XEPT3TDN9V5VWQSJ3M2AG6","8000","1","0","0","0","0","1","2026-09-14T09:50:13.944Z","2026-09-14T09:50:13.944Z","Blood"
"01M2FN61Z58WQQW6XBPKPGE6W6","Sugar Random","sugarrand","01M1XDYK2WQE7AZR2B1Q41KG9A","8000","0",,"1","01M1XEPT3TDN9V5VWQSJ3M2AG6","8000","1","0","0","0","0","1","2026-09-14T09:50:13.944Z","2026-09-14T09:50:13.944Z","Blood"
"01M2FN61Z64Y20Z537TJN2BEZJ","TORCH IGG","torchigg","01M1XDYK2WQE7AZR2B1Q41KG9A","200000","0",,"1","01M1XEPT3TDN9V5VWQSJ3M2AG6","200000","1","0","0","0","0","1","2026-09-14T09:50:13.944Z","2026-09-14T09:50:13.944Z","Blood"
"01M2FN61Z65NKSXKJN7DTVPF6E","Testosterone, Total","testostota","01M1XDYK2WQE7AZR2B1Q41KG9A","140000","0",,"1","01M1XEPT3TDN9V5VWQSJ3M2AG6","140000","1","0","0","0","0","1","2026-09-14T09:50:13.944Z","2026-09-14T09:50:13.944Z","Blood"
"01M2FN61Z6Z7GYF0J6NPQG240E","THC/Marijuana/Cannobinodes","tmc","01M1XDYK2WQE7AZR2B1Q41KG9A","100000","0",,"1","01M1XEPT3TDN9V5VWQSJ3M2AG6","100000","1","0","0","0","0","1","2026-09-14T09:50:13.944Z","2026-09-14T09:50:13.944Z","Urine"
"01M2FN61Z7DA7XQM01Q6E80DZ8","T. Cholesterol/ HDL Ch Ratio","tchcr","01M1XDYK2WQE7AZR2B1Q41KG9A","40000","0",,"1","01M1XEPT3TDN9V5VWQSJ3M2AG6","40000","1","0","0","0","0","1","2026-09-14T09:50:13.944Z","2026-09-14T09:50:13.944Z","Blood"
"01M2FN61Z7DFPWRG2SA283Q7PT","TORCH Panel (IgG/ IgM)","torchpane","01M1XDYK2WQE7AZR2B1Q41KG9A","400000","0",,"1","01M1XEPT3TDN9V5VWQSJ3M2AG6","400000","1","0","0","0","0","1","2026-09-14T09:50:13.944Z","2026-09-14T09:50:13.944Z","Blood"
"01M2FN61Z7P5FNXZAQBJAX9D9A","Total Count","totalcoun","01M1XDYK2WQE7AZR2B1Q41KG9A","12000","0",,"1","01M1XEPT3TDN9V5VWQSJ3M2AG6","12000","1","0","0","0","0","1","2026-09-14T09:50:13.944Z","2026-09-14T09:50:13.944Z","Blood"
"01M2FN61Z7QMWY0YVM6N7CXNEJ","TORCH IGM","torchigm","01M1XDYK2WQE7AZR2B1Q41KG9A","200000","0",,"1","01M1XEPT3TDN9V5VWQSJ3M2AG6","200000","1","0","0","0","0","1","2026-09-14T09:50:13.944Z","2026-09-14T09:50:13.944Z","Blood"
"01M2FN61Z81D9Y6VP4F8PP6A0C","Total Triidothyronine (T3)","t3","01M1XDYK2WQE7AZR2B1Q41KG9A","40000","0",,"1","01M1XEPT3TDN9V5VWQSJ3M2AG6","40000","1","0","0","0","0","1","2026-09-14T09:50:13.944Z","2026-09-14T09:50:13.944Z","Blood"
"01M2FN61Z8J87WWZ7J337VJNP8","Total Protein","totalprot","01M1XDYK2WQE7AZR2B1Q41KG9A","18000","0",,"1","01M1XEPT3TDN9V5VWQSJ3M2AG6","18000","1","0","0","0","0","1","2026-09-14T09:50:13.944Z","2026-09-14T09:50:13.944Z","Blood"
"01M2FN61Z8KAAXPQ2D0948HD98","Total Iron Binding Capacity","tibc","01M1XDYK2WQE7AZR2B1Q41KG9A","60000","0",,"1","01M1XEPT3TDN9V5VWQSJ3M2AG6","60000","1","0","0","0","0","1","2026-09-14T09:50:13.944Z","2026-09-14T09:50:13.944Z","Blood"
"01M2FN61Z8YBT8AJRNA571HX3K","Total Thyroxine (T4)","t4","01M1XDYK2WQE7AZR2B1Q41KG9A","40000","0",,"1","01M1XEPT3TDN9V5VWQSJ3M2AG6","40000","1","0","0","0","0","1","2026-09-14T09:50:13.944Z","2026-09-14T09:50:13.944Z","Blood"
"01M2FN61Z92NXS5KV7AN041RY4","Toxoplasma IgG","toxopligg","01M1XDYK2WQE7AZR2B1Q41KG9A","80000","0",,"1","01M1XEPT3TDN9V5VWQSJ3M2AG6","80000","1","0","0","0","0","1","2026-09-14T09:50:13.944Z","2026-09-14T09:50:13.944Z","Blood"
"01M2FN61Z99AFT94TTBT4WNKPV","Toxoplasma IgM","toxopligm","01M1XDYK2WQE7AZR2B1Q41KG9A","80000","0",,"1","01M1XEPT3TDN9V5VWQSJ3M2AG6","80000","1","0","0","0","0","1","2026-09-14T09:50:13.944Z","2026-09-14T09:50:13.944Z","Blood"
"01M2FN61Z9D44AK082NHYEAWFW","Triglycerides","triglyceri","01M1XDYK2WQE7AZR2B1Q41KG9A","18000","0",,"1","01M1XEPT3TDN9V5VWQSJ3M2AG6","18000","1","0","0","0","0","1","2026-09-14T09:50:13.944Z","2026-09-14T09:50:13.944Z","Blood"
"01M2FN61Z9MXNXTTR5MW758WKM","Troponin - I (Semi Quantitative)","troponi","01M1XDYK2WQE7AZR2B1Q41KG9A","60000","0",,"1","01M1XEPT3TDN9V5VWQSJ3M2AG6","60000","1","0","0","0","0","1","2026-09-14T09:50:13.944Z","2026-09-14T09:50:13.944Z","Blood"
"01M2FN61Z9R8WYHKAHBPN2435Z","TPHA","tpha","01M1XDYK2WQE7AZR2B1Q41KG9A","60000","0",,"1","01M1XEPT3TDN9V5VWQSJ3M2AG6","60000","1","0","0","0","0","1","2026-09-14T09:50:13.944Z","2026-09-14T09:50:13.944Z","Blood"
"01M2FN61ZA9H6WDSY7H2ZDK1BZ","TSH, CLIA","tshclia","01M1XDYK2WQE7AZR2B1Q41KG9A","40000","0",,"1","01M1XEPT3TDN9V5VWQSJ3M2AG6","40000","1","0","0","0","0","1","2026-09-14T09:50:13.944Z","2026-09-14T09:50:13.944Z","Blood"
"01M2FN61ZAE72A50CMEM2RNYQW","Unconjugated (I.D Bilirubin)","unconjugat","01M1XDYK2WQE7AZR2B1Q41KG9A","18000","0",,"1","01M1XEPT3TDN9V5VWQSJ3M2AG6","18000","1","0","0","0","0","1","2026-09-14T09:50:13.944Z","2026-09-14T09:50:13.944Z","Blood"
"01M2FN61ZAKGWTXR7MJ98NFEHM","Unbound Iron Binding Capacity","uibc","01M1XDYK2WQE7AZR2B1Q41KG9A","60000","0",,"1","01M1XEPT3TDN9V5VWQSJ3M2AG6","60000","1","0","0","0","0","1","2026-09-14T09:50:13.944Z","2026-09-14T09:50:13.944Z","Blood"
"01M2FN61ZAMZPBXVS4JR9WH61S","Typhi Dot IgM","tdi2","01M1XDYK2WQE7AZR2B1Q41KG9A","35000","0",,"1","01M1XEPT3TDN9V5VWQSJ3M2AG6","35000","1","0","0","0","0","1","2026-09-14T09:50:13.944Z","2026-09-14T09:50:13.944Z","Blood"
"01M2FN61ZATTH94NT47G6T2013","Typhi Dot IgG","tdi","01M1XDYK2WQE7AZR2B1Q41KG9A","35000","0",,"1","01M1XEPT3TDN9V5VWQSJ3M2AG6","35000","1","0","0","0","0","1","2026-09-14T09:50:13.944Z","2026-09-14T09:50:13.944Z","Blood"
"01M2FN61ZB75ZVGSFQNJ706WVF","Urine Routine","urinerout","01M1XDYK2WQE7AZR2B1Q41KG9A","8000","0",,"1","01M1XEPT3TDN9V5VWQSJ3M2AG6","8000","1","0","0","0","0","1","2026-09-14T09:50:13.944Z","2026-09-14T09:50:13.944Z","Urine"
"01M2FN61ZB7NKHKY34AP0J0ED1","Urine For Toxicology (6 Test Panel)","uft6","01M1XDYK2WQE7AZR2B1Q41KG9A","400000","0",,"1","01M1XEPT3TDN9V5VWQSJ3M2AG6","400000","1","0","0","0","0","1","2026-09-14T09:50:13.944Z","2026-09-14T09:50:13.944Z","Urine"
"01M2FN61ZBBEZMF50CFT766YPG","Urine Culture","urinecult","01M1XDYK2WQE7AZR2B1Q41KG9A","35000","0",,"1","01M1XEPT3TDN9V5VWQSJ3M2AG6","35000","1","0","0","0","0","1","2026-09-14T09:50:13.944Z","2026-09-14T09:50:13.944Z","Urine"
"01M2FN61ZBKNB116AXH1KNEP30","Urea","urea","01M1XDYK2WQE7AZR2B1Q41KG9A","18000","0",,"1","01M1XEPT3TDN9V5VWQSJ3M2AG6","18000","1","0","0","0","0","1","2026-09-14T09:50:13.944Z","2026-09-14T09:50:13.944Z","Blood"
"01M2FN61ZBPMDXFMRN2F0FC7WQ","Urethral Swab For Gram Stain","usfgs","01M1XDYK2WQE7AZR2B1Q41KG9A","40000","0",,"1","01M1XEPT3TDN9V5VWQSJ3M2AG6","40000","1","0","0","0","0","1","2026-09-14T09:50:13.944Z","2026-09-14T09:50:13.944Z","Swab"
"01M2FN61ZBTEM54PEQ0MH2P3S5","VDRL","vdrl","01M1XDYK2WQE7AZR2B1Q41KG9A","30000","0",,"1","01M1XEPT3TDN9V5VWQSJ3M2AG6","30000","1","0","0","0","0","1","2026-09-14T09:50:13.944Z","2026-09-14T09:50:13.944Z","Blood"
"01M2FN61ZBYZ85EKMTZBKWH7KZ","V L D L Cholesterol","vldlc","01M1XDYK2WQE7AZR2B1Q41KG9A","20000","0",,"1","01M1XEPT3TDN9V5VWQSJ3M2AG6","20000","1","0","0","0","0","1","2026-09-14T09:50:13.944Z","2026-09-14T09:50:13.944Z","Blood"
"01M2FN61ZBZ0CCZ6CH30CG9MZG","Uric Acid","uricacid","01M1XDYK2WQE7AZR2B1Q41KG9A","18000","0",,"1","01M1XEPT3TDN9V5VWQSJ3M2AG6","18000","1","0","0","0","0","1","2026-09-14T09:50:13.944Z","2026-09-14T09:50:13.944Z","Blood"
"01M2FN61ZCJ8NRSV6GGP15TVVD","Vit D (25-Hydroxy)","vitd25","01M1XDYK2WQE7AZR2B1Q41KG9A","240000","0",,"1","01M1XEPT3TDN9V5VWQSJ3M2AG6","240000","1","0","0","0","0","1","2026-09-14T09:50:13.944Z","2026-09-14T09:50:13.944Z","Blood"
"01M2FN61ZCQQY0VD82K8MNDVK2","Widal Test","widaltest","01M1XDYK2WQE7AZR2B1Q41KG9A","30000","0",,"1","01M1XEPT3TDN9V5VWQSJ3M2AG6","30000","1","0","0","0","0","1","2026-09-14T09:50:13.944Z","2026-09-14T09:50:13.944Z","Blood"
"01M2FN61ZCRNATAC0VKCWEWQC9","Vitamin B12","vitamib12","01M1XDYK2WQE7AZR2B1Q41KG9A","160000","0",,"1","01M1XEPT3TDN9V5VWQSJ3M2AG6","160000","1","0","0","0","0","1","2026-09-14T09:50:13.944Z","2026-09-14T09:50:13.944Z","Blood"
"01M34V28T6MZBB6BVG1AM8WA85","Whole Body Checkup",,"01M1XDYK2WQE7AZR2B1Q41KG9A","350000","0",,"1","01M1XEPT3TDN9V5VWQSJ3M2AG6","0","0","0","0","0","0","1","2026-09-22T15:17:04.454Z","2026-09-22T15:17:04.454Z","Blood"